"","Species","Status","Interactivity","Availability","continents","regions","biomes","maturity","gestation","class","order","family","genus","image_link","compatible","version"
"1","African Savannah Elephant","Endangered","Full","Standard","Africa","Sub Saharan Africa: Kenya, Tanzania, Botswana, Zimbabwe, Namibia, Angola","Desert,Grassland","15 years","22 months","Mammalia","Proboscidea","Elephantidae","Loxodonta",NA,"","Standard"
"2","Grizzly Bear","Least concern","Full","Standard","North America","Canada, Northern USA (mostly Alaska)","Taiga,Temperate,Tundra","8 years","8 months","Mammalia","Carnivora","Ursidae","Ursus",NA,"","Standard"
"3","West African Lion","Critically endangered","Full","Standard","Africa","Senegal, Mali, Niger","Grassland","3 years","3 months","Mammalia","Carnivora","Felidae","Panthera",NA,"","Standard"
"4","Plains Zebra","Near threatened","Full","Standard","Africa","Eastern and Southern Africa","Grassland","4 years","13 months","Mammalia","Perissodactyla","Equidae","Equus",NA,"African Buffalo,Black Wildebeest,Blue Wildebeest,Common Ostrich,Common Warthog,Reticulated Giraffe,Sable Antelope,Scimitar-Horned Oryx,Southern White Rhinoceros,Springbok,Thomson's Gazelle","Standard"
"5","Hippopotamus","Vulnerable","Full","Standard","Africa","Sub Saharan Africa, all countries","Aquatic,Grassland","6 years","8 months","Mammalia","Artiodactyla","Hippopotamidae","Hippopotamus",NA,"Red River Hog","Standard"
"6","Timber Wolf","Least concern","Full","Standard","Europe, Asia, North America","Much of the Northern Hemisphere","Taiga,Temperate,Tundra","4 years","2 months","Mammalia","Carnivora","Canidae","Canis",NA,"","Standard"
"7","Ring Tailed Lemur","Endangered","Full","Standard","Africa","Madagascar","Tropical","3 years","4 months","Mammalia","Primates","Lemuridae","Lemur",NA,"Black-and-White Ruffed Lemur,Red Ruffed Lemur","Standard"
"8","Galapagos Giant Tortoise","Vulnerable","Full","Standard","South America","Galapagos Islands","Tropical","22 years","8 months","Reptilia","Testudines","Testudinidae","Chelonoidis",NA,"Capybara","Standard"
"9","Reticulated Giraffe","Endangered","Full","Standard","Africa","Somalia, Ethiopia, Kenya","Tropical,Grassland","4 years","15 months","Mammalia","Artiodactyla","Giraffidae","Giraffa",NA,"African Buffalo,Black Wildebeest,Blue Wildebeest,Common Ostrich,Common Warthog,Nile Lechwe,Plains Zebra,Sable Antelope,Scimitar-Horned Oryx,Southern White Rhinoceros,Springbok,Thomson's Gazelle","Standard"
"10","Western Chimpanzee","Critically endangered","Full","Standard","Africa","Guinea, Senegal, Liberia, Sierra Leone, Ivory Coast","Tropical","14 years","8 months","Mammalia","Primates","Hominidae","Pan",NA,"Red River Hog","Standard"
"11","Pygmy Hippo","Endangered","Full","Deluxe","Africa","Sierra Leone, Liberia, Guinea, Ivory Coast","Aquatic,Tropical","4.5 years","7 months","Mammalia","Artiodactyla","Hippopotamidae","Hexaprotodon",NA,"Red River Hog","Deluxe"
"12","Komodo Dragon","Endangered","Full","Deluxe","Asia","Islands of Indonesia (Komodo, Rinca, Flores, Gili Motang)","Tropical,Grassland","8 years","8 months","Reptilia","Squamata","Varanidae","Varanus",NA,"","Deluxe"
"13","Thomson's Gazelle","Least concern","Full","Deluxe","Africa","Tanzania, Kenya","Grassland","2 years","6 months","Mammalia","Artiodactyla","Bovidae","Eudorcas",NA,"African Buffalo,Black Wildebeest,Blue Wildebeest,Common Ostrich,Common Warthog,Plains Zebra,Reticulated Giraffe,Sable Antelope,Southern White Rhinoceros,Springbok","Deluxe"
"14","African Wild Dog","Endangered","Full","Standard","Africa","Sub-Saharan Africa","Grassland,Desert","2 years","2 months","Mammalia","Carnivora","Canidae","Lycaon",NA,"","Standard"
"15","Cheetah","Vulnerable","Full","Standard","Africa","Niger, Sudan, Ethiopia, Kenya, Tanzania, Namibia, Botswana","Grassland,Desert","2 years","3 months","Mammalia","Carnivora","Felidae","Acinonyx",NA,"","Standard"
"16","Saltwater Crocodile","Least concern","Full","Standard","Asia, Oceania","South East Asia, East India, North Australia","Aquatic,Tropical","14 years","3 months","Reptilia","Crocodilia","Crocodylidae","Crocodylus",NA,"","Standard"
"17","Springbok","Least concern","Full","Standard","Africa","Namibia, Botswana, South Africa","Grassland,Desert","1 year","6 months","Mammalia","Artiodactyla","Bovidae","Antidorcas",NA,"African Buffalo,Black Wildebeest,Blue Wildebeest,Common Ostrich,Common Warthog,Plains Zebra,Reticulated Giraffe,Sable Antelope,Southern White Rhinoceros,Thomson's Gazelle","Standard"
"18","Black Wildebeest","Least concern","Full","Standard","Africa","South Africa, Eswatini, Lesotho, Namibia","Grassland","4 years","9 months","Mammalia","Artiodactyla","Bovidae","Connochaetes",NA,"African Buffalo,Blue Wildebeest,Common Ostrich,Common Warthog,Plains Zebra,Reticulated Giraffe,Sable Antelope,Southern White Rhinoceros,Springbok,Thomson's Gazelle","Standard"
"19","Lesser Antillean Iguana","Critically endangered","Exhibit","Standard","South America, Central America","Lesser Antilles","","Males 5 years, Females 3 years","3 months","Reptilia","Squamata","Iguanidae","Iguana",NA,NA,"Standard"
"20","Indian Peafowl","Least concern","Full","Standard","Asia","Indian subcontinent","Temperate,Tropical,Grassland","3 years","1 month","Aves","Galliformes","Phasianidae","Pavo",NA,"","Standard"
"21","Boa Constrictor","Least concern","Exhibit","Standard","South America, Central America","Colombia, Ecuador, Peru, Venezuela, Trinidad and Tobago, Guyana, Suriname, French Guiana, Brazil, Bolivia, Uruguay, Argentina","","3-4 years","4 months","Reptilia","Squamata","Boidae","Boa",NA,NA,"Standard"
"22","Bengal Tiger","Endangered","Full","Standard","Asia","India, Bangladesh, Nepal, Bhutan, China, Myanmar","Tropical,Temperate,Grassland","4 years","3 months","Mammalia","Carnivora","Felidae","Panthera",NA,"","Standard"
"23","Brazilian Wandering Spider","Data deficient","Exhibit","Standard","South America","Brazil, Colombia, Venezuela, Ecuador, Peru, Bolivia, Paraguay, Argentina","","1 year","1 months","Arachnida","Aranae","Ctenidae","Phoneutria",NA,NA,"Standard"
"24","Spotted Hyena","","Full","Standard","Africa","","Grassland","3 years","4 months","Mammalia","Carnivora","Hyaenidae","Crocuta",NA,"","Standard"
"25","Bactrian Camel","Domesticated","Full","Standard","Asia","Mongolia, China, Himalayas, Siberia","Desert,Temperate","6 years","13 months","Mammalia","Artiodactyla","Camelidae","Camelus",NA,"Przewalski's Horse","Standard"
"26","Green Iguana","Least concern","Exhibit","Standard","South America, Central America","Mexico, Brazil, Ecuador, Caribbean, Southern USA","","Males 3-4 years, females 3-5 years","4 months","Reptilia","Squamata","Iguanidae","Iguana",NA,NA,"Standard"
"27","Bornean Orangutan","Critically endangered","Full","Standard","Asia","Borneo, Malaysia, Indonesia","Tropical","13 years","8 months","Mammalia","Primates","Hominidae","Pongo",NA,"Asian Small-Clawed Otter,Lar Gibbon,Malayan Tapir,Siamang","Standard"
"28","Common Ostrich","Least concern","Full","Standard","Africa","All of Africa except deserts and rainforests","Grassland,Desert","3 years","1 month","Aves","Struthioniformes","Struthionidae","Struthio",NA,"African Buffalo,Black Wildebeest,Common Warthog,Nile Lechwe,Plains Zebra,Reticulated Giraffe,Sable Antelope,Scimitar-Horned Oryx,Southern White Rhinoceros,Springbok,Thomson's Gazelle","Standard"
"29","Common Warthog","Least concern","Full","Standard","Africa","Sub-Saharan Africa","Grassland,Tropical","2 years","6 months","Mammalia","Artiodactyla","Suidae","Phacochoerus",NA,"African Buffalo,Black Wildebeest,Blue Wildebeest,Common Ostrich,Plains Zebra,Reticulated Giraffe,Sable Antelope,Southern White Rhinoceros,Springbok,Thomson's Gazelle","Standard"
"30","Lehmann's Poison Frog","Critically endangered","Exhibit","Standard","South America","Colombia","","1 year","1 month","Amphibia","Anura","Dendrobatidae","Oophaga",NA,NA,"Standard"
"31","Snow Leopard","Vulnerable","Full","Standard","Asia","China, Southern Siberia, Himalayas, Mongolia","Taiga","3 years","3 months","Mammalia","Carnivora","Felidae","Panthera",NA,"","Standard"
"32","Aldabra Giant Tortoise","Vulnerable","Full","Standard","Africa","Seychelles","Tropical","25 years","8 months","Reptilia","Testudines","Testudinidae","Aldabrachelys",NA,"","Standard"
"33","Goliath Birdeater","Data deficient","Exhibit","Standard","South America","Suriname, Guyana, French Guiana, Brazil, Venezuela","","3-6 years","2 months","Arachnida","Araneae","Theraphosidae","Theraphosa",NA,NA,"Standard"
"34","Titan Beetle","Data deficient","Exhibit","Standard","South America","Venezuela, Colombia, Ecuador, Peru, the Guianas, Brazil","","Unknown","1 month","Insecta","Coleoptera","Cerambycidae","Titanus",NA,NA,"Standard"
"35","Yellow Anaconda","Least concern","Exhibit","Standard","South America","Paraguay, Bolivia, Argentina, Brazil","","3-4 years","6 months","Reptilia","Squamata","Boidae","Eunectes",NA,NA,"Standard"
"36","Indian Rhinoceros","Vulnerable","Full","Standard","Asia","Nepal, India, Bhutan","Grassland,Temperate","6 years","16 months","Mammalia","Perissodactyla","Rhinocerotidae","Rhinoceros",NA,"Asian Small-Clawed Otter,Wild Water Buffalo","Standard"
"37","Okapi","Endangered","Full","Standard","Africa","Democratic Republic of Congo","Tropical","2 years","16 months","Mammalia","Artiodactyla","Giraffidae","Okapia",NA,"Red River Hog","Standard"
"38","Indian Elephant","Endangered","Full","Standard","Asia","India, Nepal, Bangladesh, Bhutan, Myanmar, Thailand, Malaysia, Laos, China, Cambodia, Vietnam","Tropical,Grassland,Temperate","13 years","22 months","Mammalia","Proboscidea","Elephantidae","Elephas",NA,"Malayan Tapir,Proboscis Monkey,NA","Standard"
"39","Gharial","Critically endangered","Full","Standard","Asia","Bangladesh, Nepal, India","Aquatic,Tropical,Temperate","14 years","3 months","Reptilia","Crocodilia","Gavialidae","Gavialis",NA,"","Standard"
"40","Pronghorn Antelope","Least concern","Full","Standard","North America","USA, Canada, Mexico","Grassland,Temperate,Taiga,Desert","1.5 years","8 months","Mammalia","Artiodactyla","Antilocapridae","Antilocapra",NA,"American Bison","Standard"
"41","Aardvark","Least concern","Full","Standard","Africa","Sub Saharan Africa","Grassland,Tropical","2 years","7 months","Mammalia","Tubulidentata","Orycteropodidae","Orycteropus",NA,"Meerkat","Standard"
"42","Mandrill","Vulnerable","Full","Standard","Africa","Cameroon, Gabon, Equatorial Guinea, Congo","Tropical","7 years","6 months","Mammalia","Primates","Cercopithecidae","Mandrillus",NA,"Red River Hog","Standard"
"43","Baird's Tapir","Endangered","Full","Standard","South America, Central America","Belize, Colombia, Costa Rica, Guatemala, Honduras, Mexico, Nicaragua, Panama","Tropical,Temperate,Grassland,Aquatic","2 years","13 months","Mammalia","Perissodactyla","Tapiridae","Tapirus",NA,"Capybara,Colombian White-Faced Capuchin Monkey,Giant Anteater","Standard"
"44","Himalayan Brown Bear","Critically endangered","Full","Standard","Asia","Northern Afghanistan, Northern Pakistan, Northern India, Western China, Nepal, Kazakhstan","Taiga,Tundra","4-5 years","8 months","Mammalia","Carnivora","Ursidae","Ursus",NA,"","Standard"
"45","Goliath Frog","Endangered","Exhibit","Standard","Africa","Cameroon, Equatorial Guinea","","10-12 months","3 months","Amphibia","Anura","Conrauidae","Conraua",NA,NA,"Standard"
"46","Giant Forest Scorpion","Data deficient","Exhibit","Standard","Asia","Sri Lanka, India","","1-3 years","9 months","Arachnida","Scorpiones","Scorpionidae","Heterometrus",NA,NA,"Standard"
"47","Gemsbok","Least concern","Full","Standard","Africa","Namibia, Botswana, South Africa","Desert","2 years","8 months","Mammalia","Artiodactyla","Hippotraginae","Oryx",NA,"","Standard"
"48","African Buffalo","Near threatened","Full","Standard","Africa","Sub-Saharan Africa","Grassland,Tropical","5 years","11 months","Mammalia","Artiodactyla","Bovidae","Syncerus",NA,"Black Wildebeest,Blue Wildebeest,Common Ostrich,Common Warthog,Nile Lechwe,Plains Zebra,Red River Hog,Reticulated Giraffe,Sable Antelope,Scimitar-Horned Oryx,Southern White Rhinoceros,Springbok,Thomson's Gazelle","Standard"
"49","Red Panda","Endangered","Full","Standard","Asia","Eastern Himalayas, Southwestern China","Taiga,Temperate","1.5 years","5 months","Mammalia","Carnivora","Ailuridae","Ailurus",NA,"","Standard"
"50","Western Lowland Gorilla","Critically endangered","Full","Standard","Africa","Angola, Cameroon, Central African Republic, Equatorial Guinea, Gabon and the Democratic Republic of Congo","Tropical","10 years","9 months","Mammalia","Primates","Hominidae","Gorilla",NA,"Red River Hog","Standard"
"51","Sable Antelope","","Full","Standard","Africa","","Grassland","1.5 years","9 months","Mammalia","Artiodactyla","Bovidae","Hippotragus",NA,"African Buffalo,Black Wildebeest,Blue Wildebeest,Common Ostrich,Common Warthog,Plains Zebra,Reticulated Giraffe,Southern White Rhinoceros,Springbok,Thomson's Gazelle","Standard"
"52","Formosan Black Bear","Vulnerable","Full","Standard","Asia","Taiwan","Tropical,Temperate,Taiga","5 years","7 months","Mammalia","Carnivora","Ursidae","Ursus",NA,"","Standard"
"53","Nile Monitor","Least concern","Full","Standard","Africa","Sub-Saharan Africa","Tropical,Grassland","4 years","10 months","Reptilia","Squamata","Varanidae","Varanus",NA,"","Standard"
"54","Golden Poison Frog","Endangered","Exhibit","Standard","South America","Colombia","","12-18 months","0 months","Amphibia","Anura","Dendrobatidae","Phyllobates",NA,NA,"Standard"
"55","Bongo","Near threatened","Full","Standard","Africa","Cameroon, Central African Republic, Republic of Congo, Democratic Republic of Congo, Ivory Coast, Equatorial Guinea, Gabon, Ghana, Liberia, Sierra Leone, South Sudan","Tropical","2 years","9 months","Mammalia","Artiodactyla","Bovidae","Tragelaphus",NA,"Red River Hog","Standard"
"56","Bonobo","","Full","Standard","Africa","","Tropical","11 years","8 months","Mammalia","Primates","Hominidae","Pan",NA,"Red River Hog","Standard"
"57","Chinese Pangolin","Critically endangered","Full","Standard","Asia","India, Nepal, Bhutan, Bangladesh, Myanmar, Southern China, Hainan, Taiwan","Tropical,Temperate","1 year","8 months","Mammalia","Pholidota","Manidae","Manis",NA,"","Standard"
"58","Giant Tiger Land Snail","Data deficient","Exhibit","Standard","Africa","Sierra Leone, Liberia, Ivory Coast, Togo, Benin, Ghana, Nigeria","","2 years","1 month","Gastropoda","Stylommatophora","Achatinidae","Achatina",NA,NA,"Standard"
"59","Siberian Tiger","Endangered","Full","Standard","Asia","Eastern China, Eastern Russia, North Korea, Mongolia","Taiga,Temperate","4 years","3 months","Mammalia","Carnivora","Felidae","Panthera",NA,"","Standard"
"60","Greater Flamingo","Least concern","Full","Standard","Africa, Asia, Europe","Bangladesh, Pakistan, India, Sri Lanka, Turkey, Israel, Lebanon, United Arab Emirates, Kuwait, Bahrain, Spain, Albania, Macedonia, Greece, Cyprus, Portugal, Italy","Aquatic,Tropical,Temperate,Grassland","3 years","1 months","Aves","Phoenicopteriformes","Phoenicopteridae","Phoenicopterus",NA,"","Standard"
"61","Giant Panda","Vulnerable","Full","Standard","Asia","Central China","Temperate,Taiga","6 years","5 months","Mammalia","Carnivora","Ursidae","Ailuropoda",NA,"","Standard"
"62","Nyala","Least concern","Full","Standard","Africa","Malawi, Mozambique, South Africa, Eswatini, Zimbabwe, Botswana, Namibia","Tropical,Grassland","1.5 years","7 months","Mammalia","Artiodactyla","Bovidae","Tragelaphus",NA,"Southern White Rhinoceros","Standard"
"63","Brazilian Salmon Pink Tarantula","Data deficient","Exhibit","Standard","South America","Brazil","","Males 2 years, Females 3 years","1 month","Arachnida","Aranae","Theraphosidae","Lasiodora",NA,NA,"Standard"
"64","Eastern Brown Snake","Least concern","Exhibit","Standard","Oceania","Austarlia, New Guinea","","31 months","2 months","Reptilia","Squamata","Elapidae","Pseudonaja",NA,NA,"Standard"
"65","Giant Desert Hairy Scorpion","Data deficient","Exhibit","Standard","North America","Southern USA, Mexico","","4 years","9 months","Arachnida","Scorpiones","Caraboctonidae","Hadrurus",NA,NA,"Standard"
"66","Red Ruffed Lemur","Critically endangered","Full","Standard","Africa","Madagascar","Tropical","2.5 years","3 months","Mammalia","Primates","Lemuridae","Varecia",NA,"Black-and-White Ruffed Lemur,Ring Tailed Lemur","Standard"
"67","Japanese Macaque","Least concern","Full","Standard","Asia","Japan","Taiga,Temperate","4 years","5 months","Mammalia","Primates","Cercopithecidae","Macaca",NA,"Red-Crowned Crane","Standard"
"68","Amazonian Giant Centipede","Data deficient","Exhibit","Standard","South America","Throughout South America and the Caribbean","","2 years","4 months","Chilopoda","Scolopendromorpha","Scolopendridae","Scolopendra",NA,NA,"Standard"
"69","Gila Monster","Near threatened","Exhibit","Standard","North America","Southern USA, Northern Mexico","","3-5 years","9 months","Reptilia","Squamata","Helodermatidae","Heloderma",NA,NA,"Standard"
"70","Puff Adder","Least concern","Exhibit","Standard","Africa, Asia","Sub-Saharan Africa and Southern Middle East","","2 years","6 months","Reptilia","Squamata","Viperidae","Bitis",NA,NA,"Standard"
"71","Western Diamondback Rattlesnake","Least concern","Exhibit","Standard","North and Central America","USA, Mexico","","3 years","7 months","Reptilia","Squamata","Viperidae","Crotalus",NA,NA,"Standard"
"72","Common Death Adder","Least concern","Exhibit","Standard","Oceania","Australia","","Males 2 years, Females 3.5 years","6 months","Reptilia","Squamata","Elapidae","Acanthophis",NA,NA,"Standard"
"73","American Bison","Near threatened","Full","Standard","North America","Canada, USA","Grassland,Taiga","5 years","10 months","Mammalia","Artiodactyla","Bovidae","Bison",NA,"Black-Tailed Prairie Dog,Pronghorn Antelope","Standard"
"74","Goliath Beetle","Data deficient","Exhibit","Standard","Africa","Cameroon, Central African Republic, The Congo, Gabon, Kenya, Nigeria, Tanzania, Uganda","","1 year","0 months","","","","",NA,NA,"Standard"
"75","Giant Burrowing Cockroach","Data deficient","Exhibit","Standard","Oceania","Australia","","3 years","9 months","Insecta","Blattodea","Blaberidae","Macropanesthia",NA,NA,"Standard"
"76","Mexican Red Knee Tarantula","Vulnerable","Exhibit","Standard","Central America","Mexico","","Males 4 years, Females 6-7 years","3 months","Arachnida","Araneae","Theraphosidae","Brachypelma",NA,NA,"Standard"
"77","Polar Bear","Vulnerable","Full","Arctic Pack","North America, Europe","Canada, USA (Alaska), Greenland, Norway (Svalbard), Russia, Iceland","Aquatic,Tundra","7 years","9 months","Mammalia","Carnivora","Ursidae","Ursus",NA,"","Arctic Pack"
"78","Reindeer","Vulnerable","Full","Arctic Pack","Europe, North America, Asia","Russia (Siberia), Canada, USA (Alaska), Norway, Denmark, Finland, Greenland","Taiga,Tundra","5 years","8 months","Mammalia","Artiodactyla","Cervidae","Rangifer",NA,"","Arctic Pack"
"79","Arctic Wolf","Least concern","Full","Arctic Pack","North America","Canada, Greenland","Taiga,Tundra","4 years","2 months","Mammalia","Carnivora","Canidae","Canis",NA,"","Arctic Pack"
"80","Dall Sheep","Least concern","Full","Arctic Pack","North America","USA (Alaska), Canada","Taiga,Tundra","5 years","6 months","Mammalia","Artiodactyla","Bovidae","Ovis",NA,"","Arctic Pack"
"81","Llama","Domesticated","Full","South America Pack","South America","Ecuador, Peru, Bolivia, Chile, Argentina","Grassland,Taiga,Temperate","3 years","12 months","Mammalia","Artiodactyla","Camelidae","Lama",NA,"Capybara","South America Pack"
"82","Jaguar","Near threatened","Full","South America Pack","South America, North America","Mexico, Colombia, Venezuela, Ecuador, Peru, Bolivia, Paraguay, Uruguay, Brazil, Guyana, Suriname, Panama, Costa Rica, French Guiana, Nicaragua, Honduras, El Salvador, Guatemala, Belize","Tropical,Grassland,Temperate","3 years","3 months","Mammalia","Carnivora","Felidae","Panthera",NA,"","South America Pack"
"83","Giant Anteater","Vulnerable","Full","South America Pack","South America, North America","Honduras, Nicaragua, Costa Rica, Panama, Colombia, Venezuela, Ecuador, Guyana, Suriname, French Guiana, Brazil, Argentina, Peru, Bolivia, Paraguay","Tropical,Grassland","4 years","9 months","Mammalia","Pilosa","Myrmecophagidae","Myrmecophaga",NA,"Baird's Tapir,Capybara,Colombian White-Faced Capuchin Monkey,Maned Wolf","South America Pack"
"84","Red-Eyed Tree Frog","Least concern","Exhibit","South America Pack","South America, North America","Mexico, Guatemala, Honduras, Nicaragua, Costa Rica, Panama, Colombia","","1 year","0 months","Amphibia","Anura","Phyllomedusidae","Agalychnis",NA,NA,"South America Pack"
"85","Colombian White-Faced Capuchin Monkey","Vulnerable","Full","South America Pack","South America, North America","Panama, Colombia, Ecuador","Tropical,Temperate","7 years","6 months","Mammalia","Primates","Cebidae","Cebus",NA,"Baird's Tapir,Capybara,Giant Anteater","South America Pack"
"86","Red Kangaroo","Least concern","Full","Australia Pack","Oceania","Australia","Desert,Grassland","2 years","8 months","Mammalia","Diprotodontia","Macropodidae","Macropus",NA,"Emu,Koala,Red-Necked Wallaby","Australia Pack"
"87","Dingo","Vulnerable","Full","Australia Pack","Oceania","Australia","Desert,Grassland","3 years","2 months","Mammalia","Carnivora","Canidae","Canis",NA,"","Australia Pack"
"88","Southern Cassowary","Least concern","Full","Australia Pack","Oceania, South East Asia","Australia, Papua New Guinea, Indonesia","Tropical","3 years","2 months","Aves","Casuariiformes","Casuariidae","Casuarius",NA,"","Australia Pack"
"89","Eastern Blue Tongued Lizard","Least concern","Exhibit","Australia Pack","Oceania","Australia","","2 years","4 months","Reptilia","Squamata","Scincidae","Tiliqua",NA,NA,"Australia Pack"
"90","Koala","Vulnerable","Full","Australia Pack","Oceania","Australia","Tropical,Temperate","4 years","8 months","Mammalia","Diprotodontia","Phascolarctidae","Phascolarctos",NA,"Red Kangaroo","Australia Pack"
"91","King Penguin","Least concern","Full","Aquatic Pack","Antarctica, South America","Falkland Islands, South Georgia and the South Sandwich Islands, Prince Edward Islands, Crozet Islands, Marion Island, Heard Island and Mcdonald Islands, Macquarie Islands, Argentina, Chile","Aquatic,Tundra","3 years","2 months","Aves","Sphenisciformes","Spheniscidae","Aptenodytes",NA,"","Aquatic Pack"
"92","Giant Otter","Endangered","Full","Aquatic Pack","South America","Bolivia, Brazil, Colombia, Ecuador, French Guiana, Guyana, Paraguay, Peru, Suriname, Venezuela","Aquatic,Tropical,Grassland","2 months","","Mammalia","Carnivora","Mustelidae","Pteronura",NA,"","Aquatic Pack"
"93","Grey Seal","Least concern","Full","Aquatic Pack","North America, Europe","UK, Ireland, Iceland, Norway, Denmark, France, Netherlands, Belgium, Germany, Sweden, Finland, Estonia, Latvia, Lithuania, Poland, Russia, Canada, USA","Aquatic,Temperate,Tundra","5 years","11 months","Mammalia","Carnivora","Phocidae","Leptonychotes",NA,"","Aquatic Pack"
"94","Cuvier's Dwarf Caiman","Least concern","Full","Aquatic Pack","South America","Bolivia, Brazil, Colombia, Ecuador, French Guiana, Guyana, Paraguay, Peru, Suriname, and Venezuela","Aquatic,Tropical,Temperate,Grassland","10 years","3 months","Reptilia","Crocodilia","Alligatoridae","Paleosuchus",NA,"","Aquatic Pack"
"95","Diamondback Terrapin","Vulnerable","Exhibit","Aquatic Pack","North America","Eastern territories in the USA","","Males 2-3 years, Females 8-10 years","3 months","Reptilia","Testudines","Emydidae","Malaclemys",NA,NA,"Aquatic Pack"
"96","European Fallow Deer","Least concern","Full","Europe Pack","Europe","United Kingdom, Portugal, Spain, France, Luxembourg, Belgium, The Netherlands, Italy, Switzerland, Austria, Germany, Denmark, Norway, Sweden, Poland, Czech Republic, Slovakia, Hungary, Slovenia, Croatia, Bosnia and Herzegovina, Montenegro, Serbia, Kosovo, Bulgaria, Romania, Ukraine, Belarus, Lithuania, Latvia","Temperate,Grassland","4 years","8 months","Mammalia","Artiodactyla","Cervidae","Dama",NA,"Red Deer","Europe Pack"
"97","Sun Bear","Vulnerable","Full","Southeast Asia Animal Pack","Asia","Malaysia, Indonesia, Brunei, Thailand, Cambodia, Vietnam, Myanmar, Laos, Bangladesh, India","Tropical,Temperate,Grassland","4 years","6 months","Mammalia","Carnivora","Ursidae","Helarctos",NA,"Binturong","Southeast Asia Animal Pack"
"98","Clouded Leopard","Vulnerable","Full","Southeast Asia Animal Pack","Asia","Malaysia, Thailand, Cambodia, Vietnam, Laos, Myanmar, China, Nepal, Bhutan, Bangladesh, India","Tropical,Temperate","2.5 years","3 months","Mammalia","Carnivora","Felidae","Neofelis",NA,"","Southeast Asia Animal Pack"
"99","Proboscis Monkey","Endangered","Full","Southeast Asia Animal Pack","Asia","Borneo (Indonesia, Malaysia, Brunei)","Aquatic,Tropical","5.5 years","6 months","Mammalia","Primates","Cercopithecidae","Nasalis",NA,"Asian Small-Clawed Otter,Indian Elephant,Malayan Tapir","Southeast Asia Animal Pack"
"100","Malayan Tapir","Endangered","Full","Southeast Asia Animal Pack","Asia","Malaysia, Indonesia, Thailand","Aquatic,Tropical,Temperate","3 years","13 months","Mammalia","Perissodactyla","Tapiridae","Acrocodia",NA,"Asian Small-Clawed Otter,Binturong,Bornean Orangutan,Indian Elephant,Proboscis Monkey,Wild Water Buffalo","Southeast Asia Animal Pack"
"101","North Sulawesi Babirusa","Vulnerable","Full","Southeast Asia Animal Pack","Asia","Indonesia","Tropical,Grassland","2 years","5 months","Mammalia","Artiodactyla","Suidae","Babyrousa",NA,"","Southeast Asia Animal Pack"
"102","Binturong","Vulnerable","Full","Southeast Asia Animal Pack","Asia","Philippines, Bhutan, Thailand, Malaysia, Indonesia, Brunei, Singapore, Laos, Vietnam, Myanmar, Cambodia, Bangladesh, China, India, Nepal","NA,NA","1.5 years","3 months","Mammalia","Carnivora","Viverridae","Arctictis",NA,"Asian Small-Clawed Otter,Malayan Tapir,Sun Bear","Southeast Asia Animal Pack"
"103","Dhole","Endangered","Full","Southeast Asia Animal Pack","Asia","China, India, Malaysia, Thailand, Mongolia, Russia, Vietnam, Cambodia, Laos, Myanmar, Bangladesh, Bhutan, Nepal","Tropical,Grassland,Taiga,Temperate","2 years","2 months","Mammalia","Carnivora","Canidae","Cuon",NA,"","Southeast Asia Animal Pack"
"104","Giant Malaysian Leaf Insect","Data deficient","Exhibit","Southeast Asia Animal Pack","Asia","West Malaysia","","8 months","0 months","Insecta","Phasmatodea","Phylliidae","Phyllium",NA,NA,"Southeast Asia Animal Pack"
"105","African Penguin","Endangered","Full","Africa Pack","Africa","Namibia and South Africa","Aquatic,Desert","4 years","1 month","Aves","Sphenisciformes","Spheniscidae","Spheniscus",NA,"","Africa Pack"
"106","Meerkat","Least concern","Full","Africa Pack","Africa","Angola, Namibia, Botswana, South Africa, Lesotho","Grassland,Desert","3 years","2 months","Mammalia","Carnivora","Herpestidae","Suricata",NA,"Aardvark","Africa Pack"
"107","Fennec Fox","Least concern","Full","Africa Pack","Africa","Morroco, Algeria, Tunisia, Libya, Egypt, Western Sahara, Mauritania, Mali, Niger, Chad, Sudan","Desert","1 year","1 month","Mammalia","Carnivora","Canidae","Vulpes",NA,"","Africa Pack"
"108","Southern White Rhinoceros","Near threatened","Full","Africa Pack","Africa","South Africa, Angola, Zambia, Zimbabwe, Malawi, Mozambique, Namibia, Botswana, Lesotho, Eswatini","Grassland","5 years","18 months","Mammalia","Perissodactyla","Rhinocerotidae","Ceratotherium",NA,"African Buffalo,Black Wildebeest,Blue Wildebeest,Common Ostrich,Nyala,Plains Zebra,Reticulated Giraffe,Sable Antelope,Springbok,Thomson's Gazelle","Africa Pack"
"109","Sacred Scarab Beetle","Data deficient","Exhibit","Africa Pack","Africa, Asia, Europe","Morocco, Western Sahara, Algeria, Tunisia, Libya, Egypt, Saudi Arabia, Israel, Lebannon, Syria, Italy, France","","6 months","1 month","Insecta","Coleoptera","Scarabaeidae","Scarabaeus",NA,NA,"Africa Pack"
"110","American Alligator","Least concern","Full","North America Animal Pack","North America","USA, Mexico","Aquatic,Temperate","11 years","3 months","Reptilia","Crocodilia","Alligatoridae","Alligator",NA,"","North America Animal Pack"
"111","American Bullfrog","Least concern","Exhibit","North America Animal Pack","North America","Canada, USA, Mexico","","4 years","3 months","Amphibia","Anura","Ranidae","Lithobates",NA,NA,"North America Animal Pack"
"112","North American Beaver","Least concern","Full","North America Animal Pack","North America","Canada, USA, Mexico","Taiga,Temperate,Grassland,Aquatic","2 years","2 months","Mammalia","Rodentia","Castoridae","Castor",NA,"Raccoon,Striped Skunk","North America Animal Pack"
"113","Moose","Least concern","Full","North America Animal Pack","North America, Europe, Asia","Canada, USA, Norway, Sweden, Finland, Poland, Lithuania, Latvia, Estonia, Belarus, Ukraine, Russia","Taiga,Tundra,Temperate,Aquatic","2 years","8 months","Mammalia","Artiodactyla","Cervidae","Alces",NA,"","North America Animal Pack"
"114","California Sea Lion","Least concern","Full","North America Animal Pack","North America, Central America","USA, Mexico, Guatemala, El Salvador, Honduras, Nicaragua, Costa Rica","Aquatic,Temperate","5 years","11 months","Mammalia","Carnivora","Otariidae","Zalophus",NA,"","North America Animal Pack"
"115","Cougar","Least concern","Full","North America Animal Pack","North, Central and South America","Canada, USA, Mexico, Guatemala, Belize, El Salvador, Honduras, Nicaragua, Costa Rica, Panama, Colombia, Venezuela, Guyana, Suriname, French Guiana, Ecuador, Peru, Bolivia, Paraguay, Brazil, Chile, Argentina, Uruguay","Desert,Taiga,Tropical,Grassland,Temperate","3 years","3 months","Mammalia","Carnivora","Felidae","Puma",NA,"","North America Animal Pack"
"116","Arctic Fox","Least concern","Full","North America Animal Pack","North America, Europe, Asia","Canada, USA, Greenland, Iceland, Finland, Norway, Sweden","Tundra,Taiga","1 year","1 month","Mammalia","Carnivora","Canidae","Vulpes",NA,"","North America Animal Pack"
"117","Black-Tailed Prairie Dog","Least concern","Full","North America Animal Pack","North America","Canada, USA, Mexico","Grassland,Desert","2 years","2 months","Mammalia","Rodentia","Sciuridae","Cynomys",NA,"American Bison,Striped Skunk","North America Animal Pack"
"118","Black-and-White Ruffed Lemur","Critically endangered","Full","Standard","Africa","Madagascar","Tropical","2.5","3 months","Mammalia","Primates","Lemuridae","Varecia",NA,"Red Ruffed Lemur,Ring Tailed Lemur","Standard"
"119","Eurasian Lynx","Least concern","Full","Europe Pack","Europe and Asia","France, Switzerland, Italy, Austria, Germany, Norway, Sweden, Finland, Russia, Estonia, Latvia, Lithuania, Belarus, Poland, Czech Republic, Slovakia, Ukraine, Hungary, Romania, Slovenia, Bosnia and Herzegovina, Serbia, Montenegro, Bulgaria, Albania, North Macedonia, Turkey, Georgia, Armenia, Azerbaijan, Iran, Afghanistan, Uzbekistan, Tajikistan, Kyrgyzstan, Kazakhstan, Pakistan, India, Nepal, Bhutan, China, Mongolia","Taiga,Temperate,Tundra,Grassland","3 years","2 months","Mammalia","Carnivora","Felidae","Lynx",NA,"","Europe Pack"
"120","Alpine Ibex","Least concern","Full","Europe Pack","Europe","France, Switzerland, Italy, Austria, Germany, Slovenia","Taiga","2 Years","6 Months","Mammalia","Artiodactyla","Bovidae","Capra",NA,"","Europe Pack"
"121","European Badger","Least concern","Full","Europe Pack","Europe and Asia","United Kingdom, Portugal, Spain, France, Luxembourg, Belgium, The Netherlands, Italy, Switzerland, Austria, Germany, Denmark, Norway, Sweden, Poland, Czech Republic, Slovakia, Hungary, Slovenia, Croatia, Bosnia and Herzegovina, Montenegro, Serbia, Kosovo, Bulgaria, Romania, Ukraine, Belarus, Lithuania, Latvia, Estonia, Finland, Russia, Georgia, Turkey, Armenia, Azerbaijan, Syria, Lebanon, Israel, Jordan, Iraq, Iran, Turkmenistan, Afghanistan, Tajikistan","Taiga,Temperate,Grassland","2 years","2 months","Mammalia","Carnivora","Mustelidae","Meles",NA,"","Europe Pack"
"122","Fire Salamander","Least concern","Exhibit","Europe Pack","Europe","Portugal, Spain, France, Luxembourg, Belgium, the Netherlands, Germany, Switzerland, Austra, Italy, Czech Republic, Poland, Slovakia, Ukraine, Romania, Hungary, Slovenia, Croatia, Bosnia and Herzegovnia, Serbia, Kosovo, Montenegro, Bulgaria, Albania, North Macedonia, Greece, Turkey","","5 years","3 months","Amphibia","Urodela","Salamandridae","Salamandra",NA,NA,"Europe Pack"
"123","Capybara","Least concern","Full","Wetlands Animal Pack","South America","Venezuela, Columbia, Peru, Bolivia, Brazil, Argentina, Guyana, Ecuador, Paraguay, Uruguay, Suriname, French Guiana","Aquatic,Grassland,Tropical","1.5 years","5 months","Mammalia","Rodentia","Caviidae","Hydrochoerus",NA,"Baird's Tapir,Colombian White-Faced Capuchin Monkey,Galapagos Giant Tortoise,Giant Anteater,Llama,Maned Wolf","Wetlands Animal Pack"
"124","Platypus","Near threatened","Full","Wetlands Animal Pack","Oceania","Australia","Aquatic,Tropical,Grassland,Temperate","2 years","1 month","Mammalia","Monotremata","Ornithorhynchidae","Ornithorhynchus",NA,"","Wetlands Animal Pack"
"125","Wild Water Buffalo","Endangered","Full","Wetlands Animal Pack","Asia","India, Nepal, Bhutan, Myanmar, Thailand, Cambodia","Aquatic,Tropical,Grassland","3 years","10 months","Mammalia","Artiodactyla","Bovidae","Bubalus",NA,"Indian Rhinoceros,Malayan Tapir","Wetlands Animal Pack"
"126","Nile Lechwe","Endangered","Full","Wetlands Animal Pack","Africa","South Sudan, Ethiopia","Aquatic,Grassland","2 years","8 months","Mammalia","Artiodactyla","Bovidae","Kobus",NA,"African Buffalo,Common Ostrich,Red River Hog,Reticulated Giraffe","Wetlands Animal Pack"
"127","Asian Small-Clawed Otter","Vulnerable","Full","Wetlands Animal Pack","Asia","India, Bangladesh, China, Laos, Thailand, Vietnam, Cambodia, Malaysia, Indonesia, Philippines, Nepal, Bhutan, Myanmar, Brunei","Aquatic,Tropical,Grassland","2 years","2 months","Mammalia","Carnivora","Mustelidae","Aonyx",NA,"Binturong,Bornean Orangutan,Indian Rhinoceros,Lar Gibbon,Malayan Tapir,Proboscis Monkey","Wetlands Animal Pack"
"128","Red-Crowned Crane","Vulnerable","Full","Wetlands Animal Pack","Asia","Japan, Korea, China, Mongolia, Russia","Aquatic,Tundra,Taiga,Temperate","4 years","1 month","Aves","Gruiformes","Gruidae","Grus",NA,"Japanese Macaque","Wetlands Animal Pack"
"129","Spectacled Caiman","Least concern","Full","Wetlands Animal Pack","South America","Colombia, Venezuela, Guyana, Suriname, French Guiana, Brazil, Peru, Ecuador, Panama, Costa Rica, Nicaragua, El Salvador, Honduras, Guatemala, Belize, Mexico","Aquatic,Tropical,Grassland","6 years","1 month","Reptilia","Crocodilia","Alligatoridae","Caiman",NA,"","Wetlands Animal Pack"
"130","Danube Crested Newt","Least concern","Exhibit","Wetlands Animal Pack","Europe","Hungary, Romania, Moldova","","2.5 years","3 months","Amphibia","Urodela","Salamandridae","Triturus",NA,NA,"Wetlands Animal Pack"
"131","Przewalski's Horse","Endangered","Full","Conservation Pack","Asia","(re)introduced to Mongolia, China, Russia, Kazakhstan, Ukraine, Belarus","Grassland,Desert","2 years","12 months","Mammalia","Perissodactyla","Equidae","Equus",NA,"Bactrian Camel","Conservation Pack"
"132","Amur Leopard","Critically endangered","Full","Conservation Pack","Asia","Russia, China","Taiga,Temperate","3 years","3 months","Mammalia","Carnivora","Felidae","Panthera",NA,"","Conservation Pack"
"133","Siamang","Endangered","Full","Conservation Pack","Asia","Indonesia, Malaysia, Thailand","Tropical","8 years","8 months","Mammalia","Primates","Hylobatidae","Symphalangus",NA,"Bornean Orangutan,Lar Gibbon","Conservation Pack"
"134","Scimitar-Horned Oryx","Extinct in the wild","Full","Conservation Pack","Africa","(re)introduced to Morocco, Tunisia, Senegal, Chad, extinct in Mauritania, Mali, Algeria, Burkina Faso, Niger, Sudan, Libya, Egypt","Desert,Grassland","2 years","8 months","Mammalia","Artiodactyla","Bovidae","Oryx",NA,"African Buffalo,Common Ostrich,Plains Zebra,Reticulated Giraffe","Conservation Pack"
"135","Axolotl","Critically endangered","Exhibit","Conservation Pack","North America","Mexico","","1 year","0 months","Amphibia","Urodela","Ambystomatidae","Ambystoma",NA,NA,"Conservation Pack"
"136","Raccoon","Least concern","Full","Twilight Pack","North America, Central America","Canada, USA, Mexico, Guatemala, Belize, Honduras, El Salvador, Nicaragua, Costa Rica, Panama","Aquatic,Temperate,Taiga,Grassland,Tropical","2 years","2 months","Mammalia","Carnivora","Procyonidae","Procyon lotor",NA,"North American Beaver,Striped Skunk","Twilight Pack"
"137","Red Fox","Least concern","Full","Twilight Pack","North America, Europe, Africa, Asia","Canada, USA, Morocco, Algeria, Libya, Egypt, Sudan, all of Eurasia except Southeast Asia","Temperate,Taiga,Grassland,Desert,Tundra","10 months","2 months","Mammalia","Carnivora","Canidae","Vulpes",NA,"","Twilight Pack"
"138","Common Wombat","Least concern","Full","Twilight Pack","Oceania","Australia","Temperate,Grassland","2 years","4 months","Mammalia","Diprotodontia","Vombatidae","Vombatus",NA,"","Twilight Pack"
"139","Striped Skunk","Least concern","Full","Twilight Pack","North America","Canada, USA, Mexico","Temperate,Grassland,Taiga","1 year","2 months","Mammalia","Carnivora","Mephitidae","Mephitis",NA,"Black-Tailed Prairie Dog,North American Beaver,Raccoon","Twilight Pack"
"140","Egyptian Fruit Bat","Least concern","Exhibit","Twilight Pack","Africa, Asia","Turkey, Cyprus, Syria, Lebanon, Israel, Jordan, Egypt, Senegal, Guinea, Ivory Coast, Ghana, Cameroon, Gabon, Congo, Angola, South Africa, Lesotho, Eswatini, Zimbabwe, Mozambique, Malawi, Tanzania, Burundi, Rwanda, Uganda, Kenya, Ethiopia, Yemen, Saudi Arabia, Oman, UAE, Iran, Pakistan","","15 months","4 months","Mammalia","Chiroptera","Pteropodidae","Rousettus",NA,NA,"Twilight Pack"
"141","Red Deer","Least concern","Full","Standard","Europe, Asia, Africa","United Kingdom, Norway, Sweden, Denmark, Finland, Estonia, Latvia, Lithuania, Russia, Netherlands, Belgium, France, Germany, Poland, Belarus, Czechia, Slovakia, Ukraine, Switzerland, Austria, Hungary, Romania, Moldova, Portugal, Spain, Italy, Bosnia and Herzegovina, Serbia, Bulgaria, Greece, Turkey, Armenia, Azerbaijan, Georgia, Iran, Morocco, Algeria, Tunisia","Grassland,Temperate,Taiga","4 years","8 months","Mammalia","Artiodactyla","Cervidae","Cervus",NA,"European Fallow Deer","Standard"
"142","Nine-Banded Armadillo","Least concern","Full","Grasslands Animal Pack","North, Central and South America","USA, Mexico, Argentina, Uruguay, Guatemala, Nicaragua, Costa Rica, Panama, Colombia, Venezuela, Ecuador, Guyana, French Guiana, Peru, Brazil, Bolivia, Paraguay","Desert,Tropical,Grassland,Temperate","2 years","7 months","Mammalia","Cingulata","Dasypodidae","Dasypus",NA,"","Grasslands Animal Pack"
"143","Maned Wolf","Near threatened","Full","Grasslands Animal Pack","South America","Bolivia, Brazil, Paraguay, Uruguay, Argentina","Tropical,Grassland","2 years","2 months","Mammalia","Carnivora","Canidae","Chrysocyon",NA,"Capybara,Giant Anteater","Grasslands Animal Pack"
"144","Emu","Least concern","Full","Grasslands Animal Pack","Oceania","Australia","Desert,Tropical,Grassland","1.5 years","3 months","Aves","Casuariiformes","Casuariidae","Dromaius",NA,"Red Kangaroo,Red-Necked Wallaby","Grasslands Animal Pack"
"145","Caracal","Least concern","Full","Grasslands Animal Pack","Africa, Asia","Morocco, Algeria, Egypt, Mali, Niger, Chad, Sudan, South Sudan, Ethiopia, Senegal, The Gambia, Guinea-Bissau, Guinea, Burkina Faso, Ivory Coast, Ghana, Togo, Benin, Nigeria, Cameroon, Central African Republic, Uganda, Kenya, Somalia, Tanzania, Democratic Republic of Congo, Angola, Zambia, Malawi, Namibia, Botswana, Zimbabwe, Mozambique, South Africa, Lesotho, Eswatini, Turkey, Lebanon, Syria, Israel, Jordan, Saudi Arabia, Yemen, Oman, Iraq, Iran, Kazakhstan, Turkmenistan, Uzbekistan, Afghanistan, Pakistan, India","Desert,Grassland,Temperate","1.5 years","2 months","Mammalia","Carnivora","Felidae","Caracal",NA,"","Grasslands Animal Pack"
"146","Red-Necked Wallaby","Least concern","Full","Grasslands Animal Pack","Oceania","Australia, Tasmania","Grassland,Temperate","1.5 years","8 months","Mammalia","Diprotodontia","Macropodidae","Notamacropus",NA,"Emu,Red Kangaroo","Grasslands Animal Pack"
"147","Striped Hyena","Near threatened","Full","Grasslands Animal Pack","Africa, Asia","Morocco, Algeria, Libya, Egypt, Mali, Niger, Chad, Sudan, South Sudan, Ethiopia, Senegal, Burkina Faso, Ivory Coast, Ghana, Togo, Benin, Nigeria, Cameroon, Central African Republic, Uganda, Kenya, Somalia, Tanzania, Turkey, Lebanon, Syria, Israel, Jordan, Saudi Arabia, Yemen, Oman, United Arab Emirates, Iraq, Iran, Turkmenistan, Uzbekistan, Afghanistan, Pakistan, India, Nepal","Desert,Tropical,Grassland,Temperate","2 years","3 months","Mammalia","Carnivora","Hyaenidae","Hyaena",NA,"","Grasslands Animal Pack"
"148","Blue Wildebeest","Least concern","Full","Grasslands Animal Pack","Africa","Kenya, Tanzania, Angola, Zambia, Namibia, Botswana, Zimbabwe, Mozambique, South Africa, Eswatini","Grassland","4 years","8 months","Mammalia","Artiodactyla","Bovidae","Connochaetes",NA,"African Buffalo,Black Wildebeest,Common Ostrich,Common Warthog,Plains Zebra,Reticulated Giraffe,Sable Antelope,Southern White Rhinoceros,Springbok,Thomson's Gazelle","Grasslands Animal Pack"
"149","Cloudless Sulphur","Least concern","Exhibit","Grasslands Animal Pack","North and South America","USA, Mexico, Guatemala, Belize, Honduras, Nicaragua, Costa Rica, Panama, Cuba, Jamaica, Haiti, Dominican Republic, Puerto Rico, Colombia, Venezuela, Ecuador, Peru, Bolivia, Brazil, Paraguay, Uruguay, Chile, Argentina","","1.5 months","0 months","Insecta","Lepidoptera","Pieridae","Phoebis",NA,NA,"Grasslands Animal Pack"
"150","European Peacock","Least concern","Exhibit","Grasslands Animal Pack","Europe, Asia","All of Europe and temperate Asia including Russia and Japan","","1.5 months","0 months","Insecta","Lepidoptera","Nymphalidae","Aglais",NA,NA,"Grasslands Animal Pack"
"151","Menelaus Blue Morpho","Data deficient","Exhibit","Grasslands Animal Pack","South America","Venezuela, Guyana, Suriname, French Guiana, Brazil, Colombia, Ecuador, Peru, Bolivia, Paraguay","","3 months","0 months","Insecta","Lepidoptera","Nymphalidae","Morpho",NA,NA,"Grasslands Animal Pack"
"152","Monarch","Endangered","Exhibit","Grasslands Animal Pack","North America, South America, Asia, Oceania (occasional migrants found in Europe and Africa)","Found worldwide due to migration pathways, with the exception of (sub-)Arctic and (sub-)Antarctic regions","","1 month","0 months","Insecta","Lepidoptera","Nymphalidae","Danaus",NA,NA,"Grasslands Animal Pack"
"153","Old World Swallowtail","Least concern","Exhibit","Grasslands Animal Pack","Europe, Asia, North America","All of europe, northern and central Asia, USA, Canada","","1.5 months","0 months","Insecta","Lepidoptera","Papilionidae","Papilio",NA,NA,"Grasslands Animal Pack"
"154","Fossa","Vulnerable","Full","Tropical Pack","Africa","Madagascar","Tropical","4 years","3 months","Mammalia","Carnivora","Eupleridae","Cryptoprocta",NA,"","Tropical Pack"
"155","Asian Water Monitor","Least concern","Full","Tropical Pack","Asia","India, Sri Lanka, Bangladesh, Myanmar, Thailand, Laos, Vietnam, China, Cambodia, Malaysia, Indonesia, Brunei","Tropical,Grassland,Aquatic","3 years","8 months","Reptilia","Squamata","Varanidae","Varanus",NA,"","Tropical Pack"
"156","Lar Gibbon","Endangered","Full","Tropical Pack","Asia","Myanmar, Thailand, Malaysia, Indonesia, China","Tropical","9 years","7 months","Mammalia","Primates","Hylobatidae","Hylobates",NA,"Asian Small-Clawed Otter,Bornean Orangutan,Siamang","Tropical Pack"
"157","Red River Hog","Least concern","Full","Tropical Pack","Africa","Senegal, The Gambia, Mali, Guinea-Bissau, Guinea, Sierra Leone, Liberia, Ivory Coast, Ghana, Togo, Benin, Nigeria, Cameroon, Chad, Central African Republic, South Sudan, Equatorial Guinea, Gabon, Congo, Democratic Republic of the Congo, Uganda, Angola, Rwanda, Burundi","Tropical,Grassland,Aquatic","3 years","4 months","Mammalia","Artiodactyla","Suidae","Potamochoerus",NA,"African Buffalo,Bongo,Bonobo,Hippopotamus,Mandrill,Nile Lechwe,Okapi,Pygmy Hippo,Western Chimpanzee,Western Lowland Gorilla","Tropical Pack"
"158","Brown-throated Sloth","Least concern","Exhibit","Tropical Pack","South America, Central America","Honduras, Nicaragua, Costa Rica, Panama, Colombia, Venezuela, Ecuador, Peru, Bolivia, Brazil","","4 years","8 months","Mammalia","Pilosa","Bradypodidae","Bradypus",NA,NA,"Tropical Pack"
